<?xml version="1.0" encoding="UTF-8"?>
<metadata xml:lang="en"><Esri><CreaDate>20120727</CreaDate><CreaTime>07522700</CreaTime><ArcGISFormat>1.0</ArcGISFormat><SyncOnce>FALSE</SyncOnce><DataProperties><lineage><Process ToolSource="C:\Program Files\ArcGIS\Desktop10.0\ArcToolbox\Toolboxes\Data Management Tools.tbx\Append" Date="20100818" Time="160649">Append 300 RegionalRailLines NO_TEST "Id "Id" true false false 6 Long 0 6 ,First,#" #</Process><Process ToolSource="C:\Program Files\ArcGIS\Desktop10.0\ArcToolbox\Toolboxes\Data Management Tools.tbx\Append" Date="20100818" Time="160932">Append 300 RegionalRailLines NO_TEST "Id "Id" true false false 6 Long 0 6 ,First,#;Line "Line" true false false 25 Text 0 0 ,First,#,S:\ServicePlanningGIS\Projects\Service Planning\Rail\300.shp,LINE,-1,-1" #</Process><Process ToolSource="C:\Program Files\ArcGIS\Desktop10.0\ArcToolbox\Toolboxes\Data Management Tools.tbx\Append" Date="20100818" Time="161122">Append 300 RegionalRailLines NO_TEST "Id "Id" true false false 6 Long 0 6 ,First,#;Line "Line" true false false 25 Text 0 0 ,First,#,S:\ServicePlanningGIS\Projects\Service Planning\Rail\300.shp,LINE,-1,-1" #</Process><Process ToolSource="C:\Program Files\ArcGIS\Desktop10.0\ArcToolbox\Toolboxes\Data Management Tools.tbx\Append" Date="20100818" Time="161254">Append 300 RegionalRailLines NO_TEST "Id "Id" true false false 6 Long 0 6 ,First,#;Line "Line" true false false 25 Text 0 0 ,First,#,S:\ServicePlanningGIS\Projects\Service Planning\Rail\300.shp,LINE,-1,-1" #</Process><Process ToolSource="C:\Program Files\ArcGIS\Desktop10.0\ArcToolbox\Toolboxes\Data Management Tools.tbx\Append" Date="20100818" Time="161406">Append 300 RegionalRailLines NO_TEST "Id "Id" true false false 6 Long 0 6 ,First,#;Line "Line" true false false 25 Text 0 0 ,First,#,S:\ServicePlanningGIS\Projects\Service Planning\Rail\300.shp,LINE,-1,-1" #</Process><Process ToolSource="C:\Program Files\ArcGIS\Desktop10.0\ArcToolbox\Toolboxes\Data Management Tools.tbx\Append" Date="20100818" Time="161447">Append 300 RegionalRailLines NO_TEST "Id "Id" true false false 6 Long 0 6 ,First,#;Line "Line" true false false 25 Text 0 0 ,First,#,S:\ServicePlanningGIS\Projects\Service Planning\Rail\300.shp,LINE,-1,-1" #</Process><Process ToolSource="C:\Program Files\ArcGIS\Desktop10.0\ArcToolbox\Toolboxes\Data Management Tools.tbx\Append" Date="20100818" Time="161611">Append 300 RegionalRailLines NO_TEST "Id "Id" true false false 6 Long 0 6 ,First,#;Line "Line" true false false 25 Text 0 0 ,First,#,S:\ServicePlanningGIS\Projects\Service Planning\Rail\300.shp,LINE,-1,-1" #</Process><Process ToolSource="C:\Program Files\ArcGIS\Desktop10.0\ArcToolbox\Toolboxes\Data Management Tools.tbx\Append" Date="20100818" Time="161730">Append 300 RegionalRailLines NO_TEST "Id "Id" true false false 6 Long 0 6 ,First,#;Line "Line" true false false 25 Text 0 0 ,First,#,S:\ServicePlanningGIS\Projects\Service Planning\Rail\300.shp,LINE,-1,-1" #</Process><Process ToolSource="C:\Program Files\ArcGIS\Desktop10.0\ArcToolbox\Toolboxes\Data Management Tools.tbx\Append" Date="20100818" Time="162025">Append 300 RegionalRailLines NO_TEST "Id "Id" true false false 6 Long 0 6 ,First,#;Line "Line" true false false 25 Text 0 0 ,First,#,S:\ServicePlanningGIS\Projects\Service Planning\Rail\300.shp,LINE,-1,-1" #</Process><Process ToolSource="C:\Program Files\ArcGIS\Desktop10.0\ArcToolbox\Toolboxes\Data Management Tools.tbx\Append" Date="20100818" Time="162108">Append 300 RegionalRailLines NO_TEST "Id "Id" true false false 6 Long 0 6 ,First,#;Line "Line" true false false 25 Text 0 0 ,First,#,S:\ServicePlanningGIS\Projects\Service Planning\Rail\300.shp,LINE,-1,-1" #</Process><Process ToolSource="C:\Program Files\ArcGIS\Desktop10.0\ArcToolbox\Toolboxes\Data Management Tools.tbx\Append" Date="20100818" Time="162221">Append 300 RegionalRailLines NO_TEST "Id "Id" true false false 6 Long 0 6 ,First,#;Line "Line" true false false 25 Text 0 0 ,First,#,S:\ServicePlanningGIS\Projects\Service Planning\Rail\300.shp,LINE,-1,-1" #</Process><Process ToolSource="C:\Program Files\ArcGIS\Desktop10.0\ArcToolbox\Toolboxes\Data Management Tools.tbx\Append" Date="20100818" Time="162510">Append 300 RegionalRailLines NO_TEST "Id "Id" true false false 6 Long 0 6 ,First,#;Line "Line" true false false 25 Text 0 0 ,First,#,S:\ServicePlanningGIS\Projects\Service Planning\Rail\300.shp,LINE,-1,-1" #</Process><Process ToolSource="C:\Program Files\ArcGIS\Desktop10.0\ArcToolbox\Toolboxes\Data Management Tools.tbx\Append" Date="20100818" Time="162704">Append 300 RegionalRailLines NO_TEST "Id "Id" true false false 6 Long 0 6 ,First,#;Line "Line" true false false 25 Text 0 0 ,First,#,S:\ServicePlanningGIS\Projects\Service Planning\Rail\300.shp,LINE,-1,-1" #</Process><Process ToolSource="C:\Program Files\ArcGIS\Desktop10.0\ArcToolbox\Toolboxes\Data Management Tools.tbx\Append" Date="20100818" Time="163129">Append 300 RegionalRailLines NO_TEST "Id "Id" true false false 6 Long 0 6 ,First,#;Line "Line" true false false 25 Text 0 0 ,First,#,S:\ServicePlanningGIS\Projects\Service Planning\Rail\300.shp,LINE,-1,-1" #</Process><Process ToolSource="C:\Program Files\ArcGIS\Desktop10.0\ArcToolbox\Toolboxes\Data Management Tools.tbx\CalculateField" Date="20100818" Time="164450">CalculateField RegionalRailLines LENGTH [LENGTH_1] VB #</Process><Process ToolSource="C:\Program Files\ArcGIS\Desktop10.0\ArcToolbox\Toolboxes\Data Management Tools.tbx\Append" Date="20100818" Time="165616">Append 300 RegionalRailLines NO_TEST "Id "Id" true false false 6 Long 0 6 ,First,#;Line "Line" true false false 25 Text 0 0 ,First,#,S:\ServicePlanningGIS\Projects\Service Planning\Rail\300.shp,LINE,-1,-1;MINORITY_L "MINORITY_L" true false false 19 Double 8 18 ,First,#,S:\ServicePlanningGIS\Projects\Service Planning\Rail\300.shp,MINORITY_L,-1,-1;PERCENT_MI "PERCENT_MI" true false false 19 Double 8 18 ,First,#,S:\ServicePlanningGIS\Projects\Service Planning\Rail\300.shp,PERCENT_MI,-1,-1;PEAK_SERVI "PEAK_SERVI" true false false 4 Short 0 4 ,First,#,S:\ServicePlanningGIS\Projects\Service Planning\Rail\300.shp,PEAK_SERVI,-1,-1;OFF_PEAK_S "OFF_PEAK_S" true false false 4 Short 0 4 ,First,#,S:\ServicePlanningGIS\Projects\Service Planning\Rail\300.shp,OFF_PEAK_S,-1,-1;PSGRS "PSGRS" true false false 19 Double 8 18 ,First,#,S:\ServicePlanningGIS\Projects\Service Planning\Rail\300.shp,PSGRS,-1,-1;TRIPS "TRIPS" true false false 19 Double 8 18 ,First,#,S:\ServicePlanningGIS\Projects\Service Planning\Rail\300.shp,TRIPS,-1,-1;LABEL "LABEL" true false false 50 Text 0 0 ,First,#,S:\ServicePlanningGIS\Projects\Service Planning\Rail\300.shp,LABEL,-1,-1;LENGTH "LENGTH" true false false 19 Double 0 0 ,First,#,S:\ServicePlanningGIS\Projects\Service Planning\Rail\300.shp,LENGTH,-1,-1" #</Process><Process ToolSource="C:\Program Files\ArcGIS\Desktop10.0\ArcToolbox\Toolboxes\Data Management Tools.tbx\Append" Date="20100818" Time="165816">Append 300 RegionalRailLines NO_TEST "Id "Id" true false false 6 Long 0 6 ,First,#;Line "Line" true false false 25 Text 0 0 ,First,#,S:\ServicePlanningGIS\Projects\Service Planning\Rail\300.shp,LINE,-1,-1;MINORITY_L "MINORITY_L" true false false 19 Double 8 18 ,First,#,S:\ServicePlanningGIS\Projects\Service Planning\Rail\300.shp,MINORITY_L,-1,-1;PERCENT_MI "PERCENT_MI" true false false 19 Double 8 18 ,First,#,S:\ServicePlanningGIS\Projects\Service Planning\Rail\300.shp,PERCENT_MI,-1,-1;PEAK_SERVI "PEAK_SERVI" true false false 4 Short 0 4 ,First,#,S:\ServicePlanningGIS\Projects\Service Planning\Rail\300.shp,PEAK_SERVI,-1,-1;OFF_PEAK_S "OFF_PEAK_S" true false false 4 Short 0 4 ,First,#,S:\ServicePlanningGIS\Projects\Service Planning\Rail\300.shp,OFF_PEAK_S,-1,-1;PSGRS "PSGRS" true false false 19 Double 8 18 ,First,#,S:\ServicePlanningGIS\Projects\Service Planning\Rail\300.shp,PSGRS,-1,-1;TRIPS "TRIPS" true false false 19 Double 8 18 ,First,#,S:\ServicePlanningGIS\Projects\Service Planning\Rail\300.shp,TRIPS,-1,-1;LABEL "LABEL" true false false 50 Text 0 0 ,First,#,S:\ServicePlanningGIS\Projects\Service Planning\Rail\300.shp,LABEL,-1,-1;LENGTH "LENGTH" true false false 19 Double 0 0 ,First,#,S:\ServicePlanningGIS\Projects\Service Planning\Rail\300.shp,LENGTH,-1,-1" #</Process><Process ToolSource="C:\Program Files\ArcGIS\Desktop10.0\ArcToolbox\Toolboxes\Data Management Tools.tbx\Append" Date="20100818" Time="165936">Append 300 RegionalRailLines NO_TEST "Id "Id" true false false 6 Long 0 6 ,First,#;Line "Line" true false false 25 Text 0 0 ,First,#,S:\ServicePlanningGIS\Projects\Service Planning\Rail\300.shp,LINE,-1,-1;MINORITY_L "MINORITY_L" true false false 19 Double 8 18 ,First,#,S:\ServicePlanningGIS\Projects\Service Planning\Rail\300.shp,MINORITY_L,-1,-1;PERCENT_MI "PERCENT_MI" true false false 19 Double 8 18 ,First,#,S:\ServicePlanningGIS\Projects\Service Planning\Rail\300.shp,PERCENT_MI,-1,-1;PEAK_SERVI "PEAK_SERVI" true false false 4 Short 0 4 ,First,#,S:\ServicePlanningGIS\Projects\Service Planning\Rail\300.shp,PEAK_SERVI,-1,-1;OFF_PEAK_S "OFF_PEAK_S" true false false 4 Short 0 4 ,First,#,S:\ServicePlanningGIS\Projects\Service Planning\Rail\300.shp,OFF_PEAK_S,-1,-1;PSGRS "PSGRS" true false false 19 Double 8 18 ,First,#,S:\ServicePlanningGIS\Projects\Service Planning\Rail\300.shp,PSGRS,-1,-1;TRIPS "TRIPS" true false false 19 Double 8 18 ,First,#,S:\ServicePlanningGIS\Projects\Service Planning\Rail\300.shp,TRIPS,-1,-1;LABEL "LABEL" true false false 50 Text 0 0 ,First,#,S:\ServicePlanningGIS\Projects\Service Planning\Rail\300.shp,LABEL,-1,-1;LENGTH "LENGTH" true false false 19 Double 0 0 ,First,#,S:\ServicePlanningGIS\Projects\Service Planning\Rail\300.shp,LENGTH,-1,-1" #</Process><Process ToolSource="C:\Program Files\ArcGIS\Desktop10.0\ArcToolbox\Toolboxes\Data Management Tools.tbx\CopyFeatures" Date="20100818" Time="173404">CopyFeatures "S:\ServicePlanningGIS\Projects\Service Planning\Rail\RegionalRailLines.shp" "Database Connections\GISUser_GIS_SEPTA_Default.sde\GIS_Septa.GISUSER.Regional_Rail\GIS_SEPTA.GISUSER.RegionalRailLines" # 0 0 0</Process></lineage><itemProps><itemName Sync="TRUE">SEPTAGISRegionalRailLines_201207</itemName><imsContentType Sync="TRUE">002</imsContentType><itemLocation><linkage Sync="TRUE">file://\\ALCES\D$\DATA\SEPTA\SEPTA_Zip\SEPTAGISRegionalRailLines_201207.shp</linkage><protocol Sync="TRUE">Local Area Network</protocol></itemLocation><nativeExtBox><westBL Sync="TRUE">2524714.050563</westBL><eastBL Sync="TRUE">2805679.686750</eastBL><southBL Sync="TRUE">129057.218432</southBL><northBL Sync="TRUE">365289.378290</northBL><exTypeCode Sync="TRUE">1</exTypeCode></nativeExtBox><itemSize Sync="TRUE">0.153</itemSize></itemProps><coordRef><type Sync="TRUE">Projected</type><geogcsn Sync="TRUE">GCS_North_American_1983</geogcsn><projcsn Sync="TRUE">NAD_1983_StatePlane_Pennsylvania_South_FIPS_3702_Feet</projcsn><peXml Sync="TRUE">&lt;ProjectedCoordinateSystem xsi:type='typens:ProjectedCoordinateSystem' xmlns:xsi='http://www.w3.org/2001/XMLSchema-instance' xmlns:xs='http://www.w3.org/2001/XMLSchema' xmlns:typens='http://www.esri.com/schemas/ArcGIS/10.0'&gt;&lt;WKT&gt;PROJCS[&amp;quot;NAD_1983_StatePlane_Pennsylvania_South_FIPS_3702_Feet&amp;quot;,GEOGCS[&amp;quot;GCS_North_American_1983&amp;quot;,DATUM[&amp;quot;D_North_American_1983&amp;quot;,SPHEROID[&amp;quot;GRS_1980&amp;quot;,6378137.0,298.257222101]],PRIMEM[&amp;quot;Greenwich&amp;quot;,0.0],UNIT[&amp;quot;Degree&amp;quot;,0.0174532925199433]],PROJECTION[&amp;quot;Lambert_Conformal_Conic&amp;quot;],PARAMETER[&amp;quot;False_Easting&amp;quot;,1968500.0],PARAMETER[&amp;quot;False_Northing&amp;quot;,0.0],PARAMETER[&amp;quot;Central_Meridian&amp;quot;,-77.75],PARAMETER[&amp;quot;Standard_Parallel_1&amp;quot;,39.93333333333333],PARAMETER[&amp;quot;Standard_Parallel_2&amp;quot;,40.96666666666667],PARAMETER[&amp;quot;Latitude_Of_Origin&amp;quot;,39.33333333333334],UNIT[&amp;quot;Foot_US&amp;quot;,0.3048006096012192],AUTHORITY[&amp;quot;EPSG&amp;quot;,2272]]&lt;/WKT&gt;&lt;XOrigin&gt;-119214200&lt;/XOrigin&gt;&lt;YOrigin&gt;-96198500&lt;/YOrigin&gt;&lt;XYScale&gt;37163717.489134133&lt;/XYScale&gt;&lt;ZOrigin&gt;-100000&lt;/ZOrigin&gt;&lt;ZScale&gt;10000&lt;/ZScale&gt;&lt;MOrigin&gt;-100000&lt;/MOrigin&gt;&lt;MScale&gt;10000&lt;/MScale&gt;&lt;XYTolerance&gt;0.0032808333333333335&lt;/XYTolerance&gt;&lt;ZTolerance&gt;0.001&lt;/ZTolerance&gt;&lt;MTolerance&gt;0.001&lt;/MTolerance&gt;&lt;HighPrecision&gt;true&lt;/HighPrecision&gt;&lt;WKID&gt;2272&lt;/WKID&gt;&lt;/ProjectedCoordinateSystem&gt;</peXml><csUnits Sync="TRUE">Linear Unit: Foot_US (0.304801)</csUnits></coordRef></DataProperties><SyncDate>20120727</SyncDate><SyncTime>10475100</SyncTime><ModDate>20120727</ModDate><ModTime>10475100</ModTime></Esri><dataIdInfo><envirDesc Sync="TRUE">Microsoft Windows 7 Version 6.1 (Build 7601) Service Pack 1; ESRI ArcGIS 10.0.4.4000</envirDesc><dataLang><languageCode value="en" country="US"/><countryCode value="USA" Sync="TRUE"></countryCode></dataLang><idCitation><resTitle Sync="TRUE">SEPTAGISRegionalRailLines_201207</resTitle><presForm><PresFormCd value="005"/></presForm></idCitation><descKeys><thesaName uuidref="723f6998-058e-11dc-8314-0800200c9a66"/><keyword Sync="TRUE">002</keyword></descKeys><spatRpType><SpatRepTypCd value="001"/></spatRpType><dataExt><geoEle><GeoBndBox esriExtentType="search"><exTypeCode Sync="TRUE">1</exTypeCode><westBL Sync="TRUE">-75.774077</westBL><eastBL Sync="TRUE">-74.748079</eastBL><northBL Sync="TRUE">40.318841</northBL><southBL Sync="TRUE">39.648912</southBL></GeoBndBox></geoEle></dataExt></dataIdInfo><mdLang><languageCode value="en"/><countryCode value="USA" Sync="TRUE"></countryCode></mdLang><distInfo><distFormat><formatName Sync="TRUE">Shapefile</formatName></distFormat><distTranOps><transSize Sync="TRUE">0.153</transSize></distTranOps></distInfo><mdHrLv><ScopeCd value="005"/></mdHrLv><mdHrLvName Sync="TRUE">dataset</mdHrLvName><refSysInfo><RefSystem><refSysID><identCode code="2272"/><idCodeSpace Sync="TRUE">EPSG</idCodeSpace><idVersion Sync="TRUE">7.4.1</idVersion></refSysID></RefSystem></refSysInfo><spdoinfo><ptvctinf><esriterm><efeatyp Sync="TRUE">Simple</efeatyp><efeageom code="3" Sync="TRUE"></efeageom><esritopo Sync="TRUE">FALSE</esritopo><efeacnt Sync="TRUE">13</efeacnt><spindex Sync="TRUE">TRUE</spindex><linrefer Sync="TRUE">FALSE</linrefer></esriterm></ptvctinf></spdoinfo><spatRepInfo><VectSpatRep><geometObjs Name="SEPTAGISRegionalRailLines_201207"><geoObjTyp><GeoObjTypCd value="002" Sync="TRUE"></GeoObjTypCd></geoObjTyp><geoObjCnt Sync="TRUE">13</geoObjCnt></geometObjs><topLvl><TopoLevCd value="001" Sync="TRUE"></TopoLevCd></topLvl></VectSpatRep></spatRepInfo><eainfo><detailed Name="SEPTAGISRegionalRailLines_201207"><enttyp><enttypl Sync="TRUE">SEPTAGISRegionalRailLines_201207</enttypl><enttypt Sync="TRUE">Feature Class</enttypt><enttypc Sync="TRUE">13</enttypc></enttyp><attr><attrlabl Sync="TRUE">FID</attrlabl><attalias Sync="TRUE">FID</attalias><attrtype Sync="TRUE">OID</attrtype><attwidth Sync="TRUE">4</attwidth><atprecis Sync="TRUE">0</atprecis><attscale Sync="TRUE">0</attscale><attrdef Sync="TRUE">Internal feature number.</attrdef><attrdefs Sync="TRUE">ESRI</attrdefs><attrdomv><udom Sync="TRUE">Sequential unique whole numbers that are automatically generated.</udom></attrdomv></attr><attr><attrlabl Sync="TRUE">OBJECTID</attrlabl><attalias Sync="TRUE">OBJECTID</attalias><attrtype Sync="TRUE">Double</attrtype><attwidth Sync="TRUE">10</attwidth><atprecis Sync="TRUE">10</atprecis><attscale Sync="TRUE">0</attscale><attrdef Sync="TRUE">Internal feature number.</attrdef><attrdefs Sync="TRUE">ESRI</attrdefs><attrdomv><udom Sync="TRUE">Sequential unique whole numbers that are automatically generated.</udom></attrdomv></attr><attr><attrlabl Sync="TRUE">Id</attrlabl><attalias Sync="TRUE">Id</attalias><attrtype Sync="TRUE">Double</attrtype><attwidth Sync="TRUE">10</attwidth><atprecis Sync="TRUE">10</atprecis><attscale Sync="TRUE">0</attscale></attr><attr><attrlabl Sync="TRUE">Line</attrlabl><attalias Sync="TRUE">Line</attalias><attrtype Sync="TRUE">String</attrtype><attwidth Sync="TRUE">25</attwidth><atprecis Sync="TRUE">0</atprecis><attscale Sync="TRUE">0</attscale></attr><attr><attrlabl Sync="TRUE">MINORITY_L</attrlabl><attalias Sync="TRUE">MINORITY_L</attalias><attrtype Sync="TRUE">Double</attrtype><attwidth Sync="TRUE">19</attwidth><atprecis Sync="TRUE">18</atprecis><attscale Sync="TRUE">8</attscale></attr><attr><attrlabl Sync="TRUE">PERCENT_MI</attrlabl><attalias Sync="TRUE">PERCENT_MI</attalias><attrtype Sync="TRUE">Double</attrtype><attwidth Sync="TRUE">19</attwidth><atprecis Sync="TRUE">18</atprecis><attscale Sync="TRUE">8</attscale></attr><attr><attrlabl Sync="TRUE">PEAK_SERVI</attrlabl><attalias Sync="TRUE">PEAK_SERVI</attalias><attrtype Sync="TRUE">Integer</attrtype><attwidth Sync="TRUE">5</attwidth><atprecis Sync="TRUE">5</atprecis><attscale Sync="TRUE">0</attscale></attr><attr><attrlabl Sync="TRUE">OFF_PEAK_S</attrlabl><attalias Sync="TRUE">OFF_PEAK_S</attalias><attrtype Sync="TRUE">Integer</attrtype><attwidth Sync="TRUE">5</attwidth><atprecis Sync="TRUE">5</atprecis><attscale Sync="TRUE">0</attscale></attr><attr><attrlabl Sync="TRUE">PSGRS</attrlabl><attalias Sync="TRUE">PSGRS</attalias><attrtype Sync="TRUE">Double</attrtype><attwidth Sync="TRUE">19</attwidth><atprecis Sync="TRUE">18</atprecis><attscale Sync="TRUE">8</attscale></attr><attr><attrlabl Sync="TRUE">TRIPS</attrlabl><attalias Sync="TRUE">TRIPS</attalias><attrtype Sync="TRUE">Double</attrtype><attwidth Sync="TRUE">19</attwidth><atprecis Sync="TRUE">18</atprecis><attscale Sync="TRUE">8</attscale></attr><attr><attrlabl Sync="TRUE">LABEL</attrlabl><attalias Sync="TRUE">LABEL</attalias><attrtype Sync="TRUE">String</attrtype><attwidth Sync="TRUE">50</attwidth><atprecis Sync="TRUE">0</atprecis><attscale Sync="TRUE">0</attscale></attr><attr><attrlabl Sync="TRUE">LENGTH</attrlabl><attalias Sync="TRUE">LENGTH</attalias><attrtype Sync="TRUE">Double</attrtype><attwidth Sync="TRUE">19</attwidth><atprecis Sync="TRUE">18</atprecis><attscale Sync="TRUE">8</attscale></attr><attr><attrlabl Sync="TRUE">Shape</attrlabl><attalias Sync="TRUE">Shape</attalias><attrtype Sync="TRUE">Geometry</attrtype><attwidth Sync="TRUE">0</attwidth><atprecis Sync="TRUE">0</atprecis><attscale Sync="TRUE">0</attscale><attrdef Sync="TRUE">Feature geometry.</attrdef><attrdefs Sync="TRUE">ESRI</attrdefs><attrdomv><udom Sync="TRUE">Coordinates defining the features.</udom></attrdomv></attr><attr><attrlabl Sync="TRUE">Shape_len</attrlabl><attalias Sync="TRUE">Shape_len</attalias><attrtype Sync="TRUE">Double</attrtype><attwidth Sync="TRUE">19</attwidth><atprecis Sync="TRUE">0</atprecis><attscale Sync="TRUE">0</attscale></attr></detailed></eainfo><mdDateSt Sync="TRUE">20120727</mdDateSt><mdChar><CharSetCd value="004" Sync="TRUE"></CharSetCd></mdChar></metadata>
